{"cameraMode":{"drawMode":0,"name":"Shaded","section":"Shading Mode"},"sceneLighting":false,"audioPlay":false,"sceneViewState":{"showFog":true,"showMaterialUpdate":false,"showSkybox":false,"showFlares":true,"showImageEffects":true,"showParticleSystems":true},"in2DMode":false,"pivot":{"x":3.577385902404785,"y":-0.1572265625,"z":-0.874755859375},"rotation":{"x":0.00001164361401606584,"y":0.9999538064002991,"z":-0.009897828102111817,"w":0.001795137650333345},"size":3.0661165714263918,"orthographic":true}