{"cameraMode":{"drawMode":0,"name":"Shaded","section":"Shading Mode"},"sceneLighting":false,"audioPlay":false,"sceneViewState":{"showFog":true,"showMaterialUpdate":false,"showSkybox":false,"showFlares":true,"showImageEffects":true,"showParticleSystems":true},"in2DMode":false,"pivot":{"x":-0.08151918649673462,"y":0.01011127233505249,"z":-0.08402359485626221},"rotation":{"x":0.6274424195289612,"y":0.1345577836036682,"z":-0.11126361787319184,"w":0.7588385343551636},"size":2.9285287857055666,"orthographic":true}