{"cameraMode":{"drawMode":0,"name":"Shaded","section":"Shading Mode"},"sceneLighting":false,"audioPlay":false,"sceneViewState":{"showFog":true,"showMaterialUpdate":false,"showSkybox":false,"showFlares":true,"showImageEffects":true,"showParticleSystems":true},"in2DMode":false,"pivot":{"x":-4.8236541748046879,"y":1.5805339813232422,"z":3.4252233505249025},"rotation":{"x":0.6274424195289612,"y":0.1345577836036682,"z":-0.11126361787319184,"w":0.7588385343551636},"size":3.317314386367798,"orthographic":true}