{"cameraMode":{"drawMode":0,"name":"Shaded","section":"Shading Mode"},"sceneLighting":false,"audioPlay":false,"sceneViewState":{"showFog":true,"showMaterialUpdate":false,"showSkybox":false,"showFlares":true,"showImageEffects":true,"showParticleSystems":true},"in2DMode":false,"pivot":{"x":-0.4163970947265625,"y":1.512451171875,"z":-1.070556640625},"rotation":{"x":0.3989756405353546,"y":-0.001374952495098114,"z":0.0005984021117910743,"w":0.916964590549469},"size":2.3417880535125734,"orthographic":true}