{"cameraMode":{"drawMode":0,"name":"Shaded","section":"Shading Mode"},"sceneLighting":false,"audioPlay":false,"sceneViewState":{"showFog":true,"showMaterialUpdate":false,"showSkybox":false,"showFlares":true,"showImageEffects":true,"showParticleSystems":true},"in2DMode":false,"pivot":{"x":0.21497809886932374,"y":0.5182696580886841,"z":0.1882074773311615},"rotation":{"x":0.06601105630397797,"y":0.9125813841819763,"z":-0.16323623061180116,"w":0.3690509796142578},"size":1.115267038345337,"orthographic":true}