{"cameraMode":{"drawMode":0,"name":"Shaded","section":"Shading Mode"},"sceneLighting":false,"audioPlay":false,"sceneViewState":{"showFog":true,"showMaterialUpdate":false,"showSkybox":false,"showFlares":true,"showImageEffects":true,"showParticleSystems":true},"in2DMode":false,"pivot":{"x":303.43743896484377,"y":0.5995800495147705,"z":768.77001953125},"rotation":{"x":-0.000994825386442244,"y":0.9990127682685852,"z":-0.031479984521865848,"w":-0.0314977765083313},"size":1.9539095163345338,"orthographic":true}