{"cameraMode":{"drawMode":0,"name":"Shaded","section":"Shading Mode"},"sceneLighting":false,"audioPlay":false,"sceneViewState":{"showFog":true,"showMaterialUpdate":false,"showSkybox":false,"showFlares":true,"showImageEffects":true,"showParticleSystems":true},"in2DMode":false,"pivot":{"x":189.52255249023438,"y":0.690000057220459,"z":596.801513671875},"rotation":{"x":-0.13438236713409425,"y":-0.32020431756973269,"z":0.04594320431351662,"w":-0.936646580696106},"size":0.8660253882408142,"orthographic":true}