{"cameraMode":{"drawMode":0,"name":"Shaded","section":"Shading Mode"},"sceneLighting":true,"audioPlay":false,"sceneViewState":{"showFog":true,"showMaterialUpdate":false,"showSkybox":true,"showFlares":true,"showImageEffects":true,"showParticleSystems":true},"in2DMode":false,"pivot":{"x":-9.34410285949707,"y":1.5453896522521973,"z":-11.797698974609375},"rotation":{"x":-0.000744217773899436,"y":0.9991646409034729,"z":-0.035384487360715869,"w":-0.020689576864242555},"size":1.5057841539382935,"orthographic":true}