{"cameraMode":{"drawMode":0,"name":"Shaded","section":"Shading Mode"},"sceneLighting":false,"audioPlay":false,"sceneViewState":{"showFog":true,"showMaterialUpdate":false,"showSkybox":false,"showFlares":true,"showImageEffects":true,"showParticleSystems":true},"in2DMode":false,"pivot":{"x":11.977550506591797,"y":18.68312644958496,"z":-11.82321548461914},"rotation":{"x":0.12907712161540986,"y":0.2240365892648697,"z":-0.029957182705402375,"w":0.965537428855896},"size":1.8190315961837769,"orthographic":true}