{"cameraMode":{"drawMode":0,"name":"Shaded","section":"Shading Mode"},"sceneLighting":false,"audioPlay":false,"sceneViewState":{"showFog":true,"showMaterialUpdate":false,"showSkybox":false,"showFlares":true,"showImageEffects":true,"showParticleSystems":true},"in2DMode":false,"pivot":{"x":4.499982833862305,"y":4.000000953674316,"z":13.499996185302735},"rotation":{"x":0.21224775910377503,"y":-0.014656135812401772,"z":0.0031868412625044586,"w":0.9771068096160889},"size":15.087255477905274,"orthographic":true}