{"cameraMode":{"drawMode":0,"name":"Shaded","section":"Shading Mode"},"sceneLighting":false,"audioPlay":false,"sceneViewState":{"showFog":true,"showMaterialUpdate":false,"showSkybox":false,"showFlares":true,"showImageEffects":true,"showParticleSystems":true},"in2DMode":false,"pivot":{"x":-22.749191284179689,"y":0.6760299801826477,"z":-7.389153003692627},"rotation":{"x":0.15615865588188172,"y":-0.1630561649799347,"z":0.026147393509745599,"w":0.9738366007804871},"size":0.25588247179985049,"orthographic":true}