{"cameraMode":{"drawMode":0,"name":"Shaded","section":"Shading Mode"},"sceneLighting":false,"audioPlay":false,"sceneViewState":{"showFog":true,"showMaterialUpdate":false,"showSkybox":false,"showFlares":true,"showImageEffects":true,"showParticleSystems":true},"in2DMode":false,"pivot":{"x":428.5000305175781,"y":245.46356201171876,"z":0.0},"rotation":{"x":-0.07040860503911972,"y":0.030520372092723848,"z":0.0021554448176175358,"w":0.9970521926879883},"size":493.8265380859375,"orthographic":true}