{"cameraMode":{"drawMode":0,"name":"Shaded","section":"Shading Mode"},"sceneLighting":false,"audioPlay":false,"sceneViewState":{"showFog":true,"showMaterialUpdate":false,"showSkybox":false,"showFlares":true,"showImageEffects":true,"showParticleSystems":true},"in2DMode":false,"pivot":{"x":1.4999995231628419,"y":1.625,"z":4.374997615814209},"rotation":{"x":0.20399688184261323,"y":-0.024378091096878053,"z":0.005046827718615532,"w":0.9786712527275086},"size":23.927284240722658,"orthographic":true}