{"cameraMode":{"drawMode":0,"name":"Shaded","section":"Shading Mode"},"sceneLighting":false,"audioPlay":false,"sceneViewState":{"showFog":true,"showMaterialUpdate":false,"showSkybox":false,"showFlares":true,"showImageEffects":true,"showParticleSystems":true},"in2DMode":false,"pivot":{"x":-23.738222122192384,"y":1.309999942779541,"z":5.743000030517578},"rotation":{"x":0.07105782628059387,"y":0.3671543598175049,"z":-0.028139637783169748,"w":0.9270248413085938},"size":1.0772240161895753,"orthographic":true}