{"cameraMode":{"drawMode":0,"name":"Shaded","section":"Shading Mode"},"sceneLighting":false,"audioPlay":false,"sceneViewState":{"showFog":true,"showMaterialUpdate":false,"showSkybox":false,"showFlares":true,"showImageEffects":true,"showParticleSystems":true},"in2DMode":false,"pivot":{"x":41.11412811279297,"y":0.4499998092651367,"z":-47.12620544433594},"rotation":{"x":0.04078132286667824,"y":-0.7318023443222046,"z":0.04396137222647667,"w":0.6788764595985413},"size":0.4545475244522095,"orthographic":true}