{"cameraMode":{"drawMode":0,"name":"Shaded","section":"Shading Mode"},"sceneLighting":false,"audioPlay":false,"sceneViewState":{"showFog":true,"showMaterialUpdate":false,"showSkybox":false,"showFlares":true,"showImageEffects":true,"showParticleSystems":true},"in2DMode":false,"pivot":{"x":10.345305442810059,"y":3.069359540939331,"z":12.835585594177246},"rotation":{"x":-0.12754051387310029,"y":-0.8549426794052124,"z":0.43632692098617556,"w":-0.24990849196910859},"size":1.5319209098815919,"orthographic":true}