{"cameraMode":{"drawMode":0,"name":"Shaded","section":"Shading Mode"},"sceneLighting":false,"audioPlay":false,"sceneViewState":{"showFog":true,"showMaterialUpdate":false,"showSkybox":false,"showFlares":true,"showImageEffects":true,"showParticleSystems":true},"in2DMode":false,"pivot":{"x":-1.1920928955078126e-7,"y":-0.13350380957126618,"z":0.42994463443756106},"rotation":{"x":0.09106730669736862,"y":-0.08146493881940842,"z":0.007475619204342365,"w":0.9924860000610352},"size":0.7805787920951843,"orthographic":true}