{"cameraMode":{"drawMode":0,"name":"Shaded","section":"Shading Mode"},"sceneLighting":false,"audioPlay":false,"sceneViewState":{"showFog":true,"showMaterialUpdate":false,"showSkybox":false,"showFlares":true,"showImageEffects":true,"showParticleSystems":true},"in2DMode":false,"pivot":{"x":-2.999999523162842,"y":2.0,"z":-3.0000314712524416},"rotation":{"x":0.01578003168106079,"y":0.7122213244438171,"z":-0.016037000343203546,"w":0.7016174793243408},"size":12.84832763671875,"orthographic":true}