{"cameraMode":{"drawMode":0,"name":"Shaded","section":"Shading Mode"},"sceneLighting":false,"audioPlay":false,"sceneViewState":{"showFog":true,"showMaterialUpdate":false,"showSkybox":false,"showFlares":true,"showImageEffects":true,"showParticleSystems":true},"in2DMode":false,"pivot":{"x":-18.484130859375,"y":-8.4140625,"z":0.99951171875},"rotation":{"x":0.07105782628059387,"y":0.3671543598175049,"z":-0.028139637783169748,"w":0.9270248413085938},"size":0.8660253882408142,"orthographic":true}