{"cameraMode":{"drawMode":0,"name":"Shaded","section":"Shading Mode"},"sceneLighting":false,"audioPlay":false,"sceneViewState":{"showFog":true,"showMaterialUpdate":false,"showSkybox":false,"showFlares":true,"showImageEffects":true,"showParticleSystems":true},"in2DMode":false,"pivot":{"x":13.50001335144043,"y":4.000000476837158,"z":13.500003814697266},"rotation":{"x":0.20399688184261323,"y":-0.024378091096878053,"z":0.005046827718615532,"w":0.9786712527275086},"size":19.85259437561035,"orthographic":true}